,anger,disgust,fear,joy,neutral,sadness,surprise
Next Term 1,5.190415775255554,0.8653496840290695,1.6331912364340375e-18,8.570985729396593,73.92067981378982,7.437617702659086,10.395712261162387
Next Term 2,5.533707423799694,1.6333939355564153,1.4395100537653541e-18,7.563299057605741,69.97412680839216,8.268053916939348,11.043517678523619
